Date,Open,High,Low,Close,WAP,No. of Shares,No. of Trades,Total Turnover,Deliverable Quantity,% Deli. Qty to Traded Qty,Spread H-L,Spread C-O
11-06-2020,68.75,74.8,68.1,68.65,71.74,114683,1115,8226858,35217,30.71,6.7,-0.1
10-06-2020,66.75,68.5,65.95,67.3,66.66,20222,201,1347916,12995,64.26,2.55,0.55
09-06-2020,72.4,72.4,65.7,66,67.93,30560,780,2076006,25322,82.86,6.7,-6.4
08-06-2020,70.3,72.85,68,68.95,70.7,40517,638,2864360,27894,68.85,4.85,-1.35
05-06-2020,76,76,68.3,68.95,69.38,13717,218,951660,10210,74.43,7.7,-7.05
04-06-2020,71.95,73.4,68.75,69.8,69.95,24454,289,1710571,16253,66.46,4.65,-2.15
03-06-2020,69.9,76.4,69.5,69.9,72.62,36429,517,2645500,16780,46.06,6.9,0
02-06-2020,66.1,68.95,64.95,68.45,67.11,46982,500,3153079,18330,39.01,4,2.35
01-06-2020,64.95,67.3,61.75,64.55,64.09,60277,1035,3862895,14461,23.99,5.55,-0.4
29-05-2020,56.35,65.85,56.3,61.95,61.21,40867,582,2501278,15552,38.06,9.55,5.6
28-05-2020,56.05,61.25,55.65,56.2,57.23,63866,460,3654841,17796,27.86,5.6,0.15
27-05-2020,54.55,55.9,54.55,54.9,55.37,19774,103,1094972,17678,89.4,1.35,0.35
26-05-2020,55.2,56.2,54.45,54.65,55.54,18900,104,1049736,6784,35.89,1.75,-0.55
22-05-2020,53.75,56.4,53.25,54.3,54.65,34404,172,1880304,5119,14.88,3.15,0.55
21-05-2020,55,58.15,53,53.85,55.96,44052,235,2465008,38867,88.23,5.15,-1.15
20-05-2020,54.1,56.45,53,56,54.84,96241,396,5278164,15479,16.08,3.45,1.9
19-05-2020,55,55.3,53,53.55,54.55,11368,154,620180,5139,45.21,2.3,-1.45
18-05-2020,56,56,54,54.15,54.36,3489,69,189658,1784,51.13,2,-1.85
15-05-2020,58.25,58.25,55.45,56.3,57.06,18600,174,1061400,15113,81.25,2.8,-1.95
14-05-2020,57.65,59.75,56.55,56.75,57.84,35156,266,2033556,14973,42.59,3.2,-0.9
13-05-2020,60,60,56,56.7,57.35,2582,82,148088,2144,83.04,4,-3.3
12-05-2020,59.05,59.45,57.9,59.3,58.71,5266,152,309158,2588,49.15,1.55,0.25
11-05-2020,59,59.6,58.75,59.35,59.29,312,25,18499,225,72.12,0.85,0.35
08-05-2020,59.6,60.75,58.6,59.15,60.07,16815,118,1009995,15364,91.37,2.15,-0.45
07-05-2020,59.2,59.8,58.5,59.45,59.33,3981,44,236208,2432,61.09,1.3,0.25
06-05-2020,59.75,59.75,58,59.35,59.08,11847,79,699874,9376,79.14,1.75,-0.4
05-05-2020,60.2,60.95,57.85,59.35,59.67,39793,204,2374523,15844,39.82,3.1,-0.85
04-05-2020,61.5,61.5,59.15,59.45,59.78,10349,159,618699,7250,70.06,2.35,-2.05
30-04-2020,70,70,61.4,61.65,62.1,8347,239,518358,7007,83.95,8.6,-8.35
29-04-2020,65,65.5,62.75,62.95,64.22,9741,170,625543,6875,70.58,2.75,-2.05
28-04-2020,64.95,64.95,62.15,63.1,63.05,9297,288,586137,5524,59.42,2.8,-1.85
27-04-2020,64.1,64.1,61.55,63.1,62.89,5125,149,322319,2458,47.96,2.55,-1
24-04-2020,63.4,65,60.95,63.9,63.22,6702,247,423708,3423,51.07,4.05,0.5
23-04-2020,64,64.7,63,64.45,63.69,898,100,57191,283,31.51,1.7,0.45
22-04-2020,63.5,66.95,63.5,64.15,65.17,8840,496,576075,3940,44.57,3.45,0.65
21-04-2020,62.6,64.45,61.5,63.55,62.89,2517,134,158292,1037,41.2,2.95,0.95
20-04-2020,66.4,66.4,63.65,63.9,64.21,2780,144,178504,1942,69.86,2.75,-2.5
17-04-2020,66.1,68,64,65.1,65.84,11910,414,784124,5778,48.51,4,-1
16-04-2020,60.55,68.25,60,64,64.32,13202,488,849153,10050,76.12,8.25,3.45
15-04-2020,60.25,60.25,59.6,60,59.95,1603,37,96107,1495,93.26,0.65,-0.25
13-04-2020,61,61,59,59.8,59.91,892,57,53440,707,79.26,2,-1.2
09-04-2020,59.8,60.1,58.3,59.45,59.55,4431,196,263880,1845,41.64,1.8,-0.35
08-04-2020,59.85,59.9,57.3,59.35,58.55,9646,212,564763,7094,73.54,2.6,-0.5
07-04-2020,59.65,60.1,58.95,59.35,59.68,568,44,33900,492,86.62,1.15,-0.3
03-04-2020,58.9,61.1,58.5,59.05,59.28,1862,78,110386,1298,69.71,2.6,0.15
01-04-2020,61.6,61.9,59.4,59.55,60.39,3910,84,236144,3139,80.28,2.5,-2.05
31-03-2020,62.6,63.2,60.3,61,61,1010537,104,61644818,1005161,99.47,2.9,-1.6
30-03-2020,60.6,65.6,59.7,60.3,62.65,4569,226,286238,1655,36.22,5.9,-0.3
27-03-2020,62,65.95,59.45,60.5,63.14,650140,160,41046652,645686,99.31,6.5,-1.5
26-03-2020,63.5,64.8,57.2,60.45,59.58,12127,337,722566,6174,50.91,7.6,-3.05
25-03-2020,64.5,64.5,58.85,59.35,60.83,1918,153,116672,997,51.98,5.65,-5.15
24-03-2020,61.95,61.95,58,59.6,59.31,4760,151,282320,1535,32.25,3.95,-2.35
23-03-2020,63.9,64.05,52.3,60.15,61.47,4247,147,261043,1984,46.72,11.75,-3.75
20-03-2020,66.4,66.55,63.95,65.35,65.86,3220,132,212059,2369,73.57,2.6,-1.05
19-03-2020,70.75,70.75,63,65.8,67.3,7182,204,483337,5065,70.52,7.75,-4.95
18-03-2020,78.35,78.35,71.3,72.75,74.27,3709,134,275452,1315,35.45,7.05,-5.6
17-03-2020,75.55,79.25,75,76.8,77.59,2061,99,159915,1078,52.3,4.25,1.25
16-03-2020,74.8,79.2,72.2,78.25,77.03,26703,393,2056967,12416,46.5,7,3.45
13-03-2020,74.55,92.75,65,81.15,75.7,24273,551,1837480,8886,36.61,27.75,6.6
12-03-2020,82,82,78.1,78.95,79,16481,301,1302033,11619,70.5,3.9,-3.05
11-03-2020,83,84.8,82.55,84.75,84.37,9906,226,835747,8416,84.96,2.25,1.75
09-03-2020,83.3,86.55,83,85.1,85.59,27615,1880,2363528,23614,85.51,3.55,1.8
06-03-2020,82.6,87.35,82.6,86.3,85.53,3342,94,285832,1754,52.48,4.75,3.7
05-03-2020,81,89.25,81,87.45,88.16,10314,263,909324,5843,56.65,8.25,6.45
04-03-2020,89.85,91.7,87.25,87.5,88.73,6123,149,543289,3405,55.61,4.45,-2.35
03-03-2020,95.1,95.45,90,90.6,92.89,7322,250,680123,4067,55.54,5.45,-4.5
02-03-2020,94.55,98.65,93.25,94,94.75,68656,2556,6505464,9894,14.41,5.4,-0.55
28-02-2020,88.6,95.45,87.8,93,91.32,26594,827,2428511,10821,40.69,7.65,4.4
27-02-2020,88.6,95.85,87.85,92.7,92.28,66144,1677,6103769,25183,38.07,8,4.1
26-02-2020,85.4,89.45,85,88.2,86.78,5649,95,490192,3547,62.79,4.45,2.8
25-02-2020,87.4,87.4,85.95,86.85,86.31,8304,69,716693,6485,78.09,1.45,-0.55
24-02-2020,86.5,89.3,84.85,86.35,87.08,17883,315,1557183,9932,55.54,4.45,-0.15
20-02-2020,88.25,94,85.8,86.85,90.98,45558,1038,4145075,12193,26.76,8.2,-1.4
19-02-2020,85.2,86.25,84.35,85.75,85.16,31122,404,2650350,25817,82.95,1.9,0.55
18-02-2020,84.3,85.5,83.05,84.95,84.61,11253,144,952148,8445,75.05,2.45,0.65
17-02-2020,85,86.1,84.25,84.55,84.95,4204,70,357139,2688,63.94,1.85,-0.45
14-02-2020,86,87.5,84.5,84.85,85.9,17117,446,1470432,12455,72.76,3,-1.15
13-02-2020,86.9,88.55,84.3,85.35,86.74,19443,209,1686476,14932,76.8,4.25,-1.55
12-02-2020,89.95,89.95,86.65,86.9,87.81,32215,264,2828726,23915,74.24,3.3,-3.05
11-02-2020,92,93.15,87.75,89.35,89.87,43700,332,3927370,31854,72.89,5.4,-2.65
10-02-2020,91.8,93.8,90,92.05,92.49,44293,1386,4096470,24509,55.33,3.8,0.25
07-02-2020,91,91.35,89.05,89.85,90.34,46625,467,4211914,30436,65.28,2.3,-1.15
06-02-2020,88.55,91.45,87.55,89.35,89.29,23354,296,2085261,8644,37.01,3.9,0.8
05-02-2020,91,91.25,87,87.6,88.38,9138,207,807618,4173,45.67,4.25,-3.4
04-02-2020,84.1,90.1,83.65,89.55,87.52,9461,233,828048,4167,44.04,6.45,5.45
03-02-2020,82.65,84.05,81.8,83.25,83.22,2471,158,205629,1682,68.07,2.25,0.6
01-02-2020,86,87,79.5,82.55,84.38,7344,266,619714,4669,63.58,7.5,-3.45
31-01-2020,88,88,85.9,86.25,86.76,4990,310,432925,3243,64.99,2.1,-1.75
30-01-2020,89.35,90.05,86.95,87.25,87.9,8275,110,727359,5863,70.85,3.1,-2.1
29-01-2020,89.1,90.65,88,88.15,89.3,16106,264,1438333,10714,66.52,2.65,-0.95
28-01-2020,92.1,92.4,87.1,88.9,89.49,26633,342,2383352,13915,52.25,5.3,-3.2
27-01-2020,88.5,91.65,87.8,91.05,89.72,26790,401,2403724,18072,67.46,3.85,2.55
24-01-2020,90.45,91,87.65,88.85,89.21,17926,351,1599255,8741,48.76,3.35,-1.6
23-01-2020,89,91.5,86.2,90.45,89.11,73390,2297,6539703,26095,35.56,5.3,1.45
22-01-2020,79.65,86.8,79.65,85.65,84.48,72943,3606,6162405,27204,37.29,7.15,6
21-01-2020,79.6,80.05,79.5,79.7,79.67,3744,161,298281,3143,83.95,0.55,0.1
20-01-2020,79.6,80,79.55,79.8,79.77,568,125,45308,529,93.13,0.45,0.2
17-01-2020,79,80.4,78.25,78.85,79.17,4027,187,318822,2896,71.91,2.15,-0.15
16-01-2020,80.65,80.65,79.05,79.2,79.46,6047,361,480501,4441,73.44,1.6,-1.45
15-01-2020,80,81.35,78.8,80.05,80.06,8197,238,656243,4557,55.59,2.55,0.05
14-01-2020,79.75,81.5,79.3,80.3,80.65,7618,456,614363,5466,71.75,2.2,0.55
13-01-2020,78,81.4,77.95,79.85,80.08,7643,963,612054,2818,36.87,3.45,1.85
10-01-2020,79.2,79.2,76,76.2,77.13,2856,45,220280,1872,65.55,3.2,-3
09-01-2020,78.65,79.55,77.3,78.15,78.48,21448,254,1683243,13599,63.4,2.25,-0.5
08-01-2020,76.65,79.05,76.55,78.25,77.6,29131,295,2260505,11057,37.96,2.5,1.6
07-01-2020,79.9,81.4,76.55,77.4,79.84,23960,199,1912907,5748,23.99,4.85,-2.5
06-01-2020,81.85,82,78.5,78.8,80.31,11689,290,938757,8725,74.64,3.5,-3.05
03-01-2020,80.05,82.7,79.55,81.8,81.65,19884,1314,1623486,12861,64.68,3.15,1.75
02-01-2020,80.7,81.5,79.05,80.2,80.83,2651,69,214278,1953,73.67,2.45,-0.5
01-01-2020,82,82,80.1,80.25,80.87,3379,205,273264,1860,55.05,1.9,-1.75
31-12-2019,80.1,84,79.5,81.7,82.22,23285,884,1914459,9192,39.48,4.5,1.6
30-12-2019,78.55,83.5,78.5,80,81.51,19526,518,1591577,9078,46.49,5,1.45
27-12-2019,77.55,78.9,76.7,78.5,77.87,34826,405,2711919,7928,22.76,2.2,0.95
26-12-2019,77.35,78.55,76.55,77.05,77.63,32245,453,2503024,8275,25.66,2,-0.3
24-12-2019,76.85,78.8,76.3,77.35,77.4,56114,1116,4343470,11144,19.86,2.5,0.5
23-12-2019,77.55,78.3,76.4,77.05,77.72,28660,172,2227397,4120,14.38,1.9,-0.5
20-12-2019,77.9,80.3,77.5,77.9,78.48,9702,274,761435,4912,50.63,2.8,0
19-12-2019,76.8,78.1,76.3,77.05,77.37,3611,142,279397,1674,46.36,1.8,0.25
18-12-2019,76.6,77,75.95,76.5,76.42,2423,98,185161,1766,72.88,1.05,-0.1
17-12-2019,76.15,79,75.95,76.05,76.9,4963,184,381658,2018,40.66,3.05,-0.1
16-12-2019,78.4,78.4,75.95,75.95,76.87,19914,377,1530779,6731,33.8,2.45,-2.45
13-12-2019,75.9,77.85,75.8,76.85,76.69,4319,176,331225,2078,48.11,2.05,0.95
12-12-2019,76.15,76.15,75.45,75.65,75.76,4129,69,312821,3270,79.2,0.7,-0.5
11-12-2019,76.25,76.55,75.3,75.45,75.92,4550,172,345440,1848,40.62,1.25,-0.8
10-12-2019,76.95,78.85,75.55,76,77.1,10928,274,842538,2036,18.63,3.3,-0.95
09-12-2019,75.55,77.75,75.55,76.25,76.78,9003,211,691234,3044,33.81,2.2,0.7
06-12-2019,78.95,78.95,75.5,75.5,75.99,11651,163,885396,8397,72.07,3.45,-3.45
05-12-2019,77.3,79.25,77,78.15,77.8,5931,157,461436,2157,36.37,2.25,0.85
04-12-2019,80.85,80.85,76.5,77.3,77.65,14635,305,1136338,7085,48.41,4.35,-3.55
03-12-2019,77.8,84.8,75.6,80.4,81.43,89919,1572,7322408,21052,23.41,9.2,2.6
02-12-2019,76.75,80.4,76,78.3,78.02,18825,413,1468819,7642,40.59,4.4,1.55
29-11-2019,76.7,77.15,75.4,76.1,76.45,3495,59,267203,2376,67.98,1.75,-0.6
28-11-2019,75.95,77.25,75.9,76.25,76.62,2981,317,228408,1532,51.39,1.35,0.3
27-11-2019,75.5,75.9,75.45,75.5,75.5,4437,30,335011,4103,92.47,0.45,0
26-11-2019,77,77.35,75.6,75.7,76.79,3877,54,297717,1064,27.44,1.75,-1.3
25-11-2019,78.5,79.15,75.5,76.55,76.45,5400,251,412840,3806,70.48,3.65,-1.95
22-11-2019,78.7,79.3,77.45,78.05,78.2,2403,62,187924,1209,50.31,1.85,-0.65
21-11-2019,76,82,76,79.9,80.82,19471,316,1573601,9256,47.54,6,3.9
20-11-2019,78.45,80.5,75.25,79.55,77.09,183261,2157,14127331,88761,48.43,5.25,1.1
19-11-2019,74.85,78.8,74.85,77.8,77.09,48199,1451,3715704,39856,82.69,3.95,2.95
18-11-2019,76,77.1,75,75.35,75.66,4963,323,375513,2136,43.04,2.1,-0.65
15-11-2019,72,77.4,70.65,75.25,71.99,416406,1275,29975606,341333,81.97,6.75,3.25
14-11-2019,73.65,73.65,71.5,71.5,71.91,46188,377,3321429,36814,79.7,2.15,-2.15
13-11-2019,73.9,77.35,73.9,74.6,74.85,41260,379,3088465,32321,78.33,3.45,0.7
11-11-2019,81,81,74,74.4,75.82,19991,471,1515791,9939,49.72,7,-6.6
08-11-2019,77.4,78.4,75.5,76.6,76.72,29934,616,2296640,11326,37.84,2.9,-0.8
07-11-2019,75.4,81.3,70,78.7,78.03,72441,1099,5652708,13225,18.26,11.3,3.3
06-11-2019,79,79.35,75.35,75.5,77.01,515756,223,39716750,506537,98.21,4,-3.5
05-11-2019,76.9,84.3,76.9,79.15,81.55,202216,2337,16490397,45820,22.66,7.4,2.25
04-11-2019,74.8,77.45,70.65,76.1,75.72,43346,691,3282359,23371,53.92,6.8,1.3
01-11-2019,73.05,73.6,69.1,69.9,72,5226,104,376294,3524,67.43,4.5,-3.15
31-10-2019,71.8,75,71.8,72.95,73.32,7383,120,541345,4414,59.79,3.2,1.15
30-10-2019,70,72.95,70,71.6,71.81,3487,84,250395,1971,56.52,2.95,1.6
29-10-2019,68.55,72.55,68.55,69.1,70.39,5726,136,403069,3365,58.77,4,0.55
27-10-2019,67.2,68,67,67.9,67.86,1715,35,116384,1445,84.26,1,0.7
25-10-2019,66.45,68.4,65.85,65.95,66.55,2620,45,174368,1100,41.98,2.55,-0.5
24-10-2019,66.35,66.55,65.75,66.05,65.88,3643,16,239987,3082,84.6,0.8,-0.3
23-10-2019,65.4,66.2,64.7,65.95,65.44,15624,184,1022424,9177,58.74,1.5,0.55
22-10-2019,65.55,66,64,65.4,65.23,6751,98,440363,5510,81.62,2,-0.15
18-10-2019,64.15,65.5,63.05,65,64.19,6209,65,398542,5287,85.15,2.45,0.85
17-10-2019,64.1,64.8,64,64.05,64.68,918,25,59378,884,96.3,0.8,-0.05
16-10-2019,63.5,63.5,61.3,62.35,62.78,3164,86,198650,2175,68.74,2.2,-1.15
15-10-2019,64.05,65,62,64.25,63.71,10087,156,642677,5389,53.43,3,0.2
14-10-2019,65,65.9,63.75,64.4,65.16,2653,48,172861,1506,56.77,2.15,-0.6
11-10-2019,66.35,66.35,63.65,65.5,65.12,1913,47,124583,1212,63.36,2.7,-0.85
10-10-2019,66.5,67.2,65,65.2,66.54,7214,69,479991,3885,53.85,2.2,-1.3
09-10-2019,63.55,66.85,63.45,64.85,65.14,2605,83,169685,1753,67.29,3.4,1.3
07-10-2019,62,63.1,62,62.85,62.74,1724,33,108166,936,54.29,1.1,0.85
04-10-2019,61.9,63,61.9,62.15,62.18,3565,85,221669,2060,57.78,1.1,0.25
03-10-2019,62.2,62.2,60.5,60.9,60.93,985,23,60012,384,38.98,1.7,-1.3
01-10-2019,62.75,62.75,58,60.25,60.33,9311,142,561689,5759,61.85,4.75,-2.5
30-09-2019,63.4,63.9,62.15,63,62.99,28771,234,1812372,17253,59.97,1.75,-0.4
27-09-2019,60.55,63.85,60.15,62.6,61.97,5435,99,336796,2355,43.33,3.7,2.05
26-09-2019,58.4,64.65,58.4,60.1,61.56,29227,438,1799148,5884,20.13,6.25,1.7
25-09-2019,59.5,60.3,54.6,57.4,58.2,56789,432,3304918,38812,68.34,5.7,-2.1
24-09-2019,59.65,59.65,58.6,58.9,58.95,1398,35,82411,822,58.8,1.05,-0.75
23-09-2019,59.15,61,59,60.1,59.6,13360,271,796205,10358,77.53,2,0.95
20-09-2019,59.25,59.9,57.4,57.6,58.93,2078,40,122447,758,36.48,2.5,-1.65
19-09-2019,59.35,59.55,57.15,58.3,58.5,2499,43,146183,1432,57.3,2.4,-1.05
18-09-2019,62.7,63.4,58.45,59.1,60.53,3771,70,228258,1765,46.8,4.95,-3.6
17-09-2019,61.7,62.6,60.15,60.8,61.76,6029,255,372359,5008,83.07,2.45,-0.9
16-09-2019,63.3,63.35,59.15,61.6,62.98,11639,122,733038,10150,87.21,4.2,-1.7
13-09-2019,61.65,63,61.55,62.2,62.28,1756,21,109369,1105,62.93,1.45,0.55
12-09-2019,62.25,62.7,61.25,61.55,62.06,3188,42,197853,2691,84.41,1.45,-0.7
11-09-2019,62.8,64,62.3,62.55,62.64,25932,179,1624330,7910,30.5,1.7,-0.25
09-09-2019,60.7,62.05,60.65,61.65,61.26,479,12,29343,288,60.13,1.4,0.95
06-09-2019,60.5,62.6,60,62.4,62.06,966,34,59954,529,54.76,2.6,1.9
05-09-2019,60.05,60.25,59.45,60,60,503802,40,30227919,503125,99.87,0.8,-0.05
04-09-2019,59.9,60.25,59.4,60.05,59.77,1206,24,72085,621,51.49,0.85,0.15
03-09-2019,60.85,62,59.95,60.05,60.93,1938,24,118090,940,48.5,2.05,-0.8
30-08-2019,59.15,60.3,59.05,60.05,59.93,11770,61,705359,9330,79.27,1.25,0.9
29-08-2019,62,62,58.5,60.05,60.39,19659,176,1187265,6669,33.92,3.5,-1.95
28-08-2019,56.45,57.65,55.1,56.6,56.7,2073,40,117534,1607,77.52,2.55,0.15
27-08-2019,57.65,57.65,56.4,56.7,56.94,723,17,41167,399,55.19,1.25,-0.95
26-08-2019,57.55,57.6,56.5,56.7,56.98,1011,14,57602,765,75.67,1.1,-0.85
23-08-2019,54.5,57.9,54.5,56.5,56.45,701,21,39573,667,95.15,3.4,2
22-08-2019,55.8,55.8,54.1,54.8,54.83,603,14,33065,266,44.11,1.7,-1
21-08-2019,56.75,59.95,55.25,56.35,57.71,8057,141,465001,3263,40.5,4.7,-0.4
20-08-2019,56.7,56.95,55.5,56.75,56.5,2023,27,114290,1193,58.97,1.45,0.05
19-08-2019,57.95,58.25,55.8,56.9,57,5988,68,341328,4320,72.14,2.45,-1.05
16-08-2019,58.8,58.8,57.8,57.85,58.23,2119,53,123396,1557,73.48,1,-0.95
14-08-2019,60.6,60.6,58.8,59.4,59.48,5771,206,343277,3701,64.13,1.8,-1.2
13-08-2019,60,61.5,57.9,60.85,59.27,5815,229,344640,1477,25.4,3.6,0.85
09-08-2019,60.45,62.3,59.6,60.7,61.24,132493,804,8113643,122876,92.74,2.7,0.25
08-08-2019,60.3,62.4,60.15,61,60.98,2133,37,130075,1660,77.82,2.25,0.7
07-08-2019,62.9,62.9,60.8,61.05,61.41,2043,37,125466,939,45.96,2.1,-1.85
06-08-2019,60.55,64.9,60.45,61.75,62.13,9619,161,597674,2041,21.22,4.45,1.2
05-08-2019,60.15,60.25,58.35,60.2,59.57,1546,32,92094,900,58.21,1.9,0.05
02-08-2019,60.05,61.45,60,61.4,60.46,1687,45,101990,921,54.59,1.45,1.35
01-08-2019,60.35,61.9,60.05,60.8,60.7,1061,24,64399,661,62.3,1.85,0.45
31-07-2019,60.5,61.7,60.3,60.65,60.96,1685,27,102714,326,19.35,1.4,0.15
30-07-2019,60,60,59.6,59.95,59.88,415,16,24851,308,74.22,0.4,-0.05
29-07-2019,60.1,60.9,60.05,60.8,60.47,309,12,18685,163,52.75,0.85,0.7
26-07-2019,60.65,60.8,60.35,60.65,60.57,1051,18,63660,718,68.32,0.45,0
25-07-2019,61.1,61.1,60,60.15,60.25,1992,35,120023,1100,55.22,1.1,-0.95
24-07-2019,61.35,62.45,60.3,60.55,60.56,535112,151,32404852,529612,98.97,2.15,-0.8
23-07-2019,61.55,62.4,60,60.65,60.89,3437,75,209269,2165,62.99,2.4,-0.9
22-07-2019,61,61.1,60.75,60.9,60.89,3657,45,222692,2619,71.62,0.35,-0.1
19-07-2019,63.25,63.65,61.5,62.1,62.73,3173,49,199031,2809,88.53,2.15,-1.15
18-07-2019,63,63.2,62.55,63.05,63.01,7876,43,496277,7659,97.24,0.65,0.05
17-07-2019,64.2,65,62.9,63.05,64.4,20779,210,1338079,16425,79.05,2.1,-1.15
16-07-2019,63.9,64.5,63.2,63.95,64.05,5858,79,375186,3728,63.64,1.3,0.05
15-07-2019,64.75,65.2,64.15,64.25,64.36,13656,101,878916,12454,91.2,1.05,-0.5
12-07-2019,64.95,66.1,64.5,65.45,65.38,6128,122,400640,3479,56.77,1.6,0.5
11-07-2019,65.1,65.7,64.55,65.05,65.04,1854,57,120592,1349,72.76,1.15,-0.05
10-07-2019,65.7,66,64.65,65,65.09,1177,22,76606,877,74.51,1.35,-0.7
09-07-2019,66,67.35,63.8,66.4,66.02,8250,147,544649,5320,64.48,3.55,0.4
08-07-2019,67.4,69.8,66.85,67.15,68.11,2871,95,195534,1564,54.48,2.95,-0.25
05-07-2019,67.95,68.7,67.5,67.85,67.84,1813,24,122988,989,54.55,1.2,-0.1
04-07-2019,68.1,68.15,67.15,67.6,67.74,1394,48,94432,574,41.18,1,-0.5
03-07-2019,68.4,68.4,67.85,67.85,67.87,116,7,7873,112,96.55,0.55,-0.55
02-07-2019,67.85,68.3,67.5,67.95,67.87,1093,25,74178,812,74.29,0.8,0.1
01-07-2019,67.3,68.5,67.3,68.1,68.12,8515,76,580031,5909,69.4,1.2,0.8
28-06-2019,68.55,68.6,66.95,68,67.94,6200,73,421208,3757,60.6,1.65,-0.55
27-06-2019,66.9,69.9,66.85,69.1,68.62,6546,95,449178,3800,58.05,3.05,2.2
26-06-2019,67.25,68.2,66.7,67.85,67.79,6296,56,426779,3130,49.71,1.5,0.6
25-06-2019,65.55,69.45,65.55,67.85,67.05,3782,62,253599,2299,60.79,3.9,2.3
24-06-2019,65.8,69.8,65,67.35,67.58,22663,318,1531591,5355,23.63,4.8,1.55
21-06-2019,63,65,63,64.55,64.14,9340,100,599064,5142,55.05,2,1.55
20-06-2019,64.5,66,63.85,65.3,64.57,32544,232,2101402,20648,63.45,2.15,0.8
19-06-2019,64.95,64.95,63.35,63.6,63.88,1779,51,113651,387,21.75,1.6,-1.35
18-06-2019,68.65,68.65,63.55,63.8,65.45,18026,444,1179810,5997,33.27,5.1,-4.85
17-06-2019,64.4,66.8,64.4,65.35,64.76,688,18,44555,247,35.9,2.4,0.95
14-06-2019,64.1,66.85,63.85,65.35,65.55,3125,62,204858,1750,56,3,1.25
13-06-2019,67.05,67.85,63.55,65.15,65.36,11730,188,766667,5221,44.51,4.3,-1.9
12-06-2019,66.6,67.9,66.1,67.05,66.59,11679,308,777737,9112,78.02,1.8,0.45
11-06-2019,64.5,66.5,64.5,66.05,65.57,43046,439,2822455,20479,47.57,2,1.55
10-06-2019,62,64.6,61.25,63.9,63.87,14443,197,922470,6686,46.29,3.35,1.9
07-06-2019,63.95,66.8,61.1,62.1,63.21,19415,204,1227190,6282,32.36,5.7,-1.85
06-06-2019,63.7,64.3,62.45,62.7,63,802979,69,50587405,801460,99.81,1.85,-1
04-06-2019,64.55,64.55,63.55,63.7,63.76,1098,20,70007,727,66.21,1,-0.85
03-06-2019,65,65,63.4,64.35,64.04,1444,41,92473,700,48.48,1.6,-0.65
31-05-2019,66.5,66.65,64.3,65,65.33,14678,258,958892,4657,31.73,2.35,-1.5
30-05-2019,62.5,68.95,62.5,66.85,65.97,63968,670,4220028,11883,18.58,6.45,4.35
29-05-2019,64.5,65.45,62.5,63.35,64.48,2282,51,147142,1381,60.52,2.95,-1.15
28-05-2019,65.5,67.5,64.65,65.15,66.11,4262,99,281743,1947,45.68,2.85,-0.35
27-05-2019,62.8,65.4,62.8,65.1,64.91,8069,148,523796,3866,47.91,2.6,2.3
24-05-2019,64.5,64.5,61.15,62.2,62.16,12209,143,758865,6563,53.76,3.35,-2.3
23-05-2019,64.75,64.75,62.9,63.25,63.8,3984,66,254180,1172,29.42,1.85,-1.5
22-05-2019,65.3,65.5,64,64.75,64.62,1065,30,68822,415,38.97,1.5,-0.55
21-05-2019,70.95,70.95,64.6,66,65.76,10174,127,669080,3487,34.27,6.35,-4.95
20-05-2019,66.6,68.05,66.6,67.15,67.18,5912,71,397179,2883,48.77,1.45,0.55
17-05-2019,64.95,67.5,64.6,66.2,66.25,4642,73,307519,2625,56.55,2.9,1.25
16-05-2019,69.35,69.75,64.75,65.35,66.55,2083,65,138615,1063,51.03,5,-4
15-05-2019,70.65,70.65,67.5,69,69.03,15357,88,1060136,10101,65.77,3.15,-1.65
14-05-2019,72.1,72.3,68.5,70.1,72.08,170925,1293,12319714,168706,98.7,3.8,-2
13-05-2019,70.95,72.25,70.95,71.5,71.61,11519,32,824855,10358,89.92,1.3,0.55
10-05-2019,73,73,71.1,71.5,71.39,6193,66,442123,3300,53.29,1.9,-1.5
09-05-2019,71.1,73,71.1,71.55,71.43,1644,54,117438,924,56.2,1.9,0.45
08-05-2019,70.55,71.5,70.55,71.1,71.11,117393,224,8347448,112331,95.69,0.95,0.55
07-05-2019,70.4,71.5,70.35,71.1,71.1,127982,413,9099248,125350,97.94,1.15,0.7
06-05-2019,69.75,70.95,69.75,70.65,70.55,2090,58,147444,1336,63.92,1.2,0.9
03-05-2019,70.7,71.9,70.05,71.1,71.09,276304,442,19642261,269696,97.61,1.85,0.4
02-05-2019,70.2,70.95,70,70.2,70.34,3751,52,263860,2300,61.32,0.95,0
30-04-2019,70.2,70.5,68.8,70.2,69.8,31493,302,2198225,20012,63.54,1.7,0
26-04-2019,69.1,69.75,68.7,69.25,69.25,127755,211,8846959,125324,98.1,1.05,0.15
25-04-2019,68.4,69.85,68.15,68.75,69.03,10788,139,744724,6430,59.6,1.7,0.35
24-04-2019,69.35,69.55,66.6,68.45,68.77,3626,115,249343,1588,43.79,2.95,-0.9
23-04-2019,69.1,69.2,68.55,68.85,68.93,2632,40,181435,1577,59.92,0.65,-0.25
22-04-2019,69.45,70.75,68.55,69.1,69.9,76399,361,5339963,52329,68.49,2.2,-0.35
18-04-2019,69.55,69.8,67,69.5,69.49,1319003,520,91656875,1309633,99.29,2.8,-0.05
16-04-2019,69.05,71,69.05,69.7,69.8,1324848,255,92480039,1305478,98.54,1.95,0.65
15-04-2019,69.5,71.85,69.3,69.8,69.86,1420796,651,99251259,1317791,92.75,2.55,0.3
12-04-2019,69.45,70.2,69.15,69.65,69.66,5959,123,415106,3182,53.4,1.05,0.2
11-04-2019,69.45,70.05,69.25,69.75,69.73,5356,89,373462,2773,51.77,0.8,0.3
10-04-2019,70.1,71.45,69,69.5,70,5653,102,395684,1550,27.42,2.45,-0.6
09-04-2019,69.3,72.2,69.25,70.45,70.62,33522,470,2367369,12942,38.61,2.95,1.15
08-04-2019,70.25,70.3,69.7,70.1,69.95,2308,44,161454,1300,56.33,0.6,-0.15
05-04-2019,71.8,71.95,70.35,71.15,71.16,126991,180,9036379,123747,97.45,1.6,-0.65
04-04-2019,70.25,71.05,69.9,70.6,70.34,8406,80,591305,5101,60.68,1.15,0.35
03-04-2019,70,70.35,69.5,70.1,70.05,23510,2577,1646842,19068,81.11,0.85,0.1
02-04-2019,70.15,70.35,69.5,70.05,70.03,23773,2278,1664818,19608,82.48,0.85,-0.1
01-04-2019,68.8,70,66.55,69.75,69.26,24862,737,1721840,16590,66.73,3.45,0.95
29-03-2019,71,71,64.6,66.5,68.93,522961,241,36046929,513342,98.16,6.4,-4.5
28-03-2019,68.5,69.4,68.3,69.15,68.59,607942,381,41699441,560723,92.23,1.1,0.65
27-03-2019,68.55,68.95,68.2,68.5,68.58,33736,93,2313615,30207,89.54,0.75,-0.05
26-03-2019,69,69.95,67.6,68.55,69,76442,1259,5274767,67533,88.35,2.35,-0.45
25-03-2019,68.65,69.95,68.15,69.4,69.23,38314,675,2652367,17424,45.48,1.8,0.75
22-03-2019,68.35,69.7,68.35,69.35,69.33,20235,430,1402910,13999,69.18,1.35,1
20-03-2019,68.85,69.6,68.15,69.3,69.31,26695,322,1850103,16111,60.35,1.45,0.45
19-03-2019,65.9,68.85,65.85,67.95,67.86,63601,712,4316094,27034,42.51,3,2.05
18-03-2019,65,66.75,65,65.65,65.89,36451,323,2401867,17027,46.71,1.75,0.65
15-03-2019,63.7,66.4,63.4,64.95,65.18,44180,614,2879743,18411,41.67,3,1.25
14-03-2019,61.9,64,60.9,62.9,62.47,57762,561,3608621,19184,33.21,3.1,1
13-03-2019,63.75,63.9,62,62.2,62.75,13054,167,819142,7775,59.56,1.9,-1.55
12-03-2019,63.5,65.15,63.05,63.35,63.89,65834,448,4206025,45731,69.46,2.1,-0.15
11-03-2019,66.7,66.7,63.1,63.45,63.61,17985,257,1143951,10480,58.27,3.6,-3.25
08-03-2019,65.85,65.85,62.5,63.2,63.92,22106,314,1412916,9144,41.36,3.35,-2.65
07-03-2019,66.9,66.9,65.1,65.4,65.71,441714,459,29023261,420266,95.14,1.8,-1.5
06-03-2019,70,70,65.1,65.9,66.61,84050,925,5598769,33946,40.39,4.9,-4.1
05-03-2019,69.95,69.95,68.25,68.7,68.84,84561,709,5821277,43863,51.87,1.7,-1.25
01-03-2019,69.9,70.55,68.3,70,69.27,60497,688,4190605,11966,19.78,2.25,0.1
28-02-2019,74.8,74.8,66.8,69,69.22,176791,2287,12237053,27055,15.3,8,-5.8
27-02-2019,83.75,84.7,69.65,71.35,74.23,443740,5535,32940236,105112,23.69,15.05,-12.4
26-02-2019,80,88.5,79.95,82.5,83.46,113057,1374,9435627,25527,22.58,8.55,2.5
25-02-2019,78.3,81.25,76.6,80.4,78.76,8593,109,676787,4208,48.97,4.65,2.1
22-02-2019,77.95,79.15,77.95,78.65,78.42,1711,27,134182,757,44.24,1.2,0.7
21-02-2019,77.5,78.5,77.3,78.2,77.89,3147,34,245116,1048,33.3,1.2,0.7
20-02-2019,76.75,78.15,76.6,77.95,77.37,1064,20,82326,508,47.74,1.55,1.2
19-02-2019,76.7,76.95,75,76.35,76.46,3153,40,241078,1950,61.85,1.95,-0.35
18-02-2019,77.3,77.3,75.15,76.1,77,452851,53,34867436,451244,99.65,2.15,-1.2
15-02-2019,77.15,78.55,75.75,77.45,77.61,107777,130,8364545,102915,95.49,2.8,0.3
14-02-2019,76.8,77.15,76.6,76.85,77,913063,64,70305434,910964,99.77,0.55,0.05
13-02-2019,76,77.05,76,76.75,76.62,6076,66,465515,3789,62.36,1.05,0.75
12-02-2019,77.4,77.8,75.15,76.15,76.46,11024,227,842929,584,5.3,2.65,-1.25
11-02-2019,77.95,79.5,75.9,77.4,77.52,12830,149,994591,4494,35.03,3.6,-0.55
08-02-2019,74.8,79.8,74.8,78,77.65,6859,136,532615,3108,45.31,5,3.2
07-02-2019,75.5,76.75,75.5,76.65,76.35,2864,47,218674,1585,55.34,1.25,1.15
06-02-2019,73.2,77,72.9,75.6,74.93,12013,146,900188,4841,40.3,4.1,2.4
05-02-2019,74.85,75.85,72.75,73.25,73.92,7440,103,549976,3112,41.83,3.1,-1.6
04-02-2019,82.6,84,72,74.1,76.16,40644,391,3095594,18060,44.43,12,-8.5
01-02-2019,85.1,85.6,80.7,81.35,84.06,5710,71,479987,2593,45.41,4.9,-3.75
31-01-2019,85.65,85.8,85,85.4,85.38,36063,141,3079097,20359,56.45,0.8,-0.25
30-01-2019,85,86.6,85,85.9,85.62,5131,89,439329,4405,85.85,1.6,0.9
29-01-2019,84.6,86,84.6,85.8,85.52,18295,79,1564568,14100,77.07,1.4,1.2
28-01-2019,87.55,87.55,81.2,84.65,83.91,16475,177,1382417,9487,57.58,6.35,-2.9
25-01-2019,85.5,85.7,84.8,85.45,85.3,10852,49,925706,9763,89.96,0.9,-0.05
24-01-2019,85.35,85.7,85.25,85.55,85.53,6891,69,589410,5852,84.92,0.45,0.2
23-01-2019,85.1,85.7,84.9,85.05,85.01,443107,246,37670356,426540,96.26,0.8,-0.05
22-01-2019,84.8,85.6,84.45,85,85,2737,66,232645,1085,39.64,1.15,0.2
21-01-2019,85.6,85.75,85,85.35,85.37,5850,71,499396,2031,34.72,0.75,-0.25
18-01-2019,87.1,87.3,85.25,86.45,86.31,9994,88,862582,7443,74.47,2.05,-0.65
17-01-2019,85.8,86.65,85.6,86.15,86.12,7170,92,617497,4008,55.9,1.05,0.35
16-01-2019,85,86.05,84.95,85.45,85.38,2389,48,203964,1263,52.87,1.1,0.45
15-01-2019,85.5,85.55,85,85.35,85.3,31410,28,2679314,30380,96.72,0.55,-0.15
14-01-2019,85,85.75,84.3,85.2,85.18,21196,119,1805417,19321,91.15,1.45,0.2
11-01-2019,85.15,85.9,84.1,85,84.96,8877,254,754160,4618,52.02,1.8,-0.15
10-01-2019,85.45,85.5,84,85.05,84.63,6417,147,543053,2719,42.37,1.5,-0.4
09-01-2019,84.1,86.5,83.5,84.6,84.96,9891,168,840382,2561,25.89,3,0.5
08-01-2019,83.25,85.2,82.75,84.3,84.23,10039,146,845589,4099,40.83,2.45,1.05
07-01-2019,83.15,84.6,83.15,84.05,84.03,6788,110,570380,3251,47.89,1.45,0.9
04-01-2019,84.35,84.35,82.95,83.3,83.31,33656,233,2803984,20607,61.23,1.4,-1.05
03-01-2019,84.25,85.7,82,83.2,84.16,51005,252,4292365,45003,88.23,3.7,-1.05
02-01-2019,83.45,85.55,83.4,84.75,84.54,13458,164,1137674,7348,54.6,2.15,1.3
01-01-2019,85.6,86.1,84.1,84.65,85.33,11457,149,977668,3703,32.32,2,-0.95
31-12-2018,84.9,85.65,83.2,85.3,85.02,16434,247,1397245,6517,39.66,2.45,0.4
28-12-2018,84.2,86,83.8,84.05,84.51,37341,677,3155624,12958,34.7,2.2,-0.15
27-12-2018,81,89.6,78.85,83.55,85.18,294396,2946,25077985,90442,30.72,10.75,2.55
26-12-2018,81.95,81.95,78.25,80.5,79.56,32221,359,2563406,12365,38.38,3.7,-1.45
24-12-2018,83.9,87.35,79.25,80.8,83.96,174394,1640,14642786,59249,33.97,8.1,-3.1
21-12-2018,87,87.35,83.5,84.45,85.72,30318,571,2598817,9677,31.92,3.85,-2.55
20-12-2018,85.1,87.2,84.2,86.8,85.78,40040,492,3434614,16423,41.02,3,1.7
19-12-2018,85.5,86.8,84,85.2,85.47,90132,1089,7703428,36121,40.08,2.8,-0.3
18-12-2018,79.2,86.4,77.85,83.75,84.04,185225,2553,15566344,40009,21.6,8.55,4.55
17-12-2018,83.6,85.5,76.85,79.4,81.72,490973,5651,40122542,163830,33.37,8.65,-4.2
14-12-2018,68.1,80.15,66.25,80.15,75.81,1132969,8999,85887064,594692,52.49,13.9,12.05
13-12-2018,65.95,71,62.1,66.8,65.97,309098,6020,20392510,104357,33.76,8.9,0.85
12-12-2018,61.8,62.5,61.05,61.85,61.85,6077,97,375891,2995,49.28,1.45,0.05
11-12-2018,61.05,62.25,60.35,62,61.72,27435,299,1693399,20795,75.8,1.9,0.95
10-12-2018,61.25,62.1,60.2,61.5,61.52,7939,99,488420,2850,35.9,1.9,0.25
07-12-2018,63.15,63.45,61.35,62.1,62.11,47761,422,2966214,20511,42.95,2.1,-1.05
06-12-2018,63.6,63.75,60.4,63.25,63.17,5619,115,354966,3618,64.39,3.35,-0.35
05-12-2018,63,66.35,63,64.3,64.77,12058,231,780943,6130,50.84,3.35,1.3
04-12-2018,62.8,65.85,62,64.55,64.81,29944,290,1940525,12856,42.93,3.85,1.75
03-12-2018,60.35,65.4,60.35,64.35,64.15,9981,186,640232,3190,31.96,5.05,4
30-11-2018,62.05,62.6,60,60.9,60.68,9505,261,576785,2972,31.27,2.6,-1.15
29-11-2018,60.35,63.5,59.25,61.75,60.64,9959,144,603898,6285,63.11,4.25,1.4
28-11-2018,61.5,61.5,59.95,60.45,60.16,18962,294,1140790,12655,66.74,1.55,-1.05
27-11-2018,61.9,62.5,61.1,61.65,61.89,13507,188,835900,6402,47.4,1.4,-0.25
26-11-2018,64.15,65.5,62,62.45,63.15,11081,178,699737,3428,30.94,3.5,-1.7
22-11-2018,66.95,66.95,63.7,64.55,64.88,118108,488,7662453,95830,81.14,3.25,-2.4
21-11-2018,67.95,67.95,55,66.1,62.66,297959,1317,18669152,25677,8.62,12.95,-1.85
20-11-2018,70.25,70.25,67.75,68.35,68.51,11805,251,808719,6286,53.25,2.5,-1.9
19-11-2018,72.65,73,70.5,71.6,72.92,79322,95,5784147,76092,95.93,2.5,-1.05
16-11-2018,73,73.9,72.7,73.4,73.27,4096,30,300118,2466,60.21,1.2,0.4
15-11-2018,72.2,73.5,72.2,73.2,72.81,14970,104,1089934,8535,57.01,1.3,1
14-11-2018,72.6,73.5,71.85,72.65,72.42,3993,59,289188,1974,49.44,1.65,0.05
13-11-2018,71.85,73.8,71.8,72.5,72.7,3271,92,237801,1465,44.79,2,0.65
12-11-2018,74.7,74.7,68,71.25,71.83,6120,98,439599,4257,69.56,6.7,-3.45
09-11-2018,71.5,72.75,70.1,72,71.84,5314,55,381747,4108,77.31,2.65,0.5
07-11-2018,69.2,71.75,69.2,71.05,71.09,8096,57,575518,5761,71.16,2.55,1.85
06-11-2018,69.2,69.2,67,68.65,67.86,4392,91,298061,2452,55.83,2.2,-0.55
05-11-2018,68,69.8,68,68.75,68.84,3382,33,232830,2935,86.78,1.8,0.75
02-11-2018,70,72.95,68.5,69.55,70.6,12973,218,915920,4166,32.11,4.45,-0.45
01-11-2018,68.7,70.4,68.15,70.05,69.48,7027,90,488269,3915,55.71,2.25,1.35
31-10-2018,68.15,69.4,67.8,68.85,68.39,4114,63,281365,3015,73.29,1.6,0.7
30-10-2018,68.45,69.7,68.15,69.05,69.03,3766,73,259959,1007,26.74,1.55,0.6
29-10-2018,66.9,68.15,66.9,67.75,67.66,1431,45,96819,480,33.54,1.25,0.85
26-10-2018,68.3,68.5,66.5,67.5,67.6,4503,111,304402,2495,55.41,2,-0.8
25-10-2018,67.95,70,67.45,69.3,68.89,5512,114,379729,2512,45.57,2.55,1.35
24-10-2018,68.15,68.75,65.9,67.95,66.67,9884,101,658996,7021,71.03,2.85,-0.2
23-10-2018,65,70,65,67.65,67.97,3205,90,217840,1420,44.31,5,2.65
22-10-2018,68,69.45,67.6,67.95,68.16,778,26,53032,350,44.99,1.85,-0.05
19-10-2018,67.6,71.15,67.6,70.05,69.2,3445,89,238408,1248,36.23,3.55,2.45
17-10-2018,74.1,74.15,69,69.3,70.03,13565,251,950006,10482,77.27,5.15,-4.8
16-10-2018,73,74.15,72.75,73.3,73.7,2049,58,151021,1103,53.83,1.4,0.3
15-10-2018,72.85,73.5,72.8,73.05,73.07,3369,66,246161,2268,67.32,0.7,0.2
12-10-2018,71.85,74.9,71.8,72.8,73.13,32150,344,2351221,18840,58.6,3.1,0.95
11-10-2018,69.85,71.35,65.05,70.45,69.25,8253,139,571510,3744,45.37,6.3,0.6
10-10-2018,68.45,71,67.5,69.45,68.21,52958,659,3612133,25888,48.88,3.5,1
09-10-2018,69.1,71,66.25,67.85,68.39,19873,308,1359207,13008,65.46,4.75,-1.25
08-10-2018,72.6,73.7,65.75,67.1,69.11,17334,265,1198014,6460,37.27,7.95,-5.5
05-10-2018,72.95,75,71,73.5,73.36,15291,211,1121799,7079,46.3,4,0.55
04-10-2018,74.75,76.1,73,73.6,74.41,17641,194,1312667,9869,55.94,3.1,-1.15
03-10-2018,76.9,76.9,72.9,75.35,74.9,6364,166,476637,1813,28.49,4,-1.55
01-10-2018,73.4,76,72.65,75.5,74.06,6107,136,452295,1891,30.96,3.35,2.1
28-09-2018,75,77.9,71.65,74.4,74.8,23376,563,1748436,10680,45.69,6.25,-0.6
27-09-2018,81.05,83.15,74.45,74.95,77.99,25665,373,2001666,13312,51.87,8.7,-6.1
26-09-2018,81.95,84.9,80.1,81.05,81.96,29230,258,2395614,14525,49.69,4.8,-0.9
25-09-2018,82.15,83,78.2,82.35,81.49,44258,330,3606482,25142,56.81,4.8,0.2
24-09-2018,82.15,83.35,78.5,82.35,81.31,25522,370,2075208,8644,33.87,4.85,0.2
21-09-2018,84,85.55,78.2,82.95,83.22,248829,2601,20707745,84407,33.92,7.35,-1.05
19-09-2018,81.65,82.25,79.75,81.15,80.9,10210,154,825973,7122,69.76,2.5,-0.5
18-09-2018,83.4,84.1,80.5,81.15,82.09,22309,158,1831245,11333,50.8,3.6,-2.25
17-09-2018,83.55,86,82.65,84.6,85.01,5478,93,465666,2698,49.25,3.35,1.05
14-09-2018,84.8,85.15,80.55,82.15,82.81,9569,148,792424,882,9.22,4.6,-2.65
12-09-2018,81.6,84.2,81.6,82.35,82.57,3494,73,288494,1540,44.08,2.6,0.75
11-09-2018,84.55,84.9,82,82.5,83.3,8703,118,724919,4619,53.07,2.9,-2.05
10-09-2018,84.3,85.35,84,84.95,84.78,3997,98,338868,2285,57.17,1.35,0.65
07-09-2018,86,86.05,85,85.1,85.37,21814,106,1862202,14953,68.55,1.05,-0.9
06-09-2018,85.55,89,83.5,85.15,85.77,16974,306,1455880,5180,30.52,5.5,-0.4
05-09-2018,84.75,86.4,84.1,86,85.15,10001,177,851557,4053,40.53,2.3,1.25
04-09-2018,90.15,90.15,85.2,86.5,87.69,20463,334,1794476,8752,42.77,4.95,-3.65
03-09-2018,90,93.65,88.15,90.85,91.24,40235,460,3671161,13718,34.09,5.5,0.85
31-08-2018,87.55,89.55,87.55,87.9,88.21,8498,96,749575,4935,58.07,2,0.35
30-08-2018,88.7,89.9,87.1,87.75,88.04,18826,333,1657379,9359,49.71,2.8,-0.95
29-08-2018,86.85,91,86.85,88.9,89.5,10688,227,956627,2964,27.73,4.15,2.05
28-08-2018,88.2,88.35,86,86.55,86.75,5313,105,460881,2183,41.09,2.35,-1.65
27-08-2018,87.65,90.3,86.7,88,88.46,30762,531,2721203,12765,41.5,3.6,0.35
24-08-2018,88.95,90.55,86.35,86.65,87.89,15632,278,1373855,6803,43.52,4.2,-2.3
23-08-2018,91.9,93.5,88.65,89.8,91.5,71102,911,6505904,24154,33.97,4.85,-2.1
21-08-2018,90,95.2,88.8,91.6,93.39,93228,1247,8706381,35816,38.42,6.4,1.6
20-08-2018,89.6,93,89,90.65,91.39,67817,1121,6197609,21112,31.13,4,1.05
17-08-2018,90.95,91.7,88.5,89.15,90.23,40734,760,3675440,15356,37.7,3.2,-1.8
16-08-2018,83,94.8,83,90.25,90.88,141623,2145,12871400,35321,24.94,11.8,7.25
14-08-2018,85.5,86.65,83.85,85.3,84.93,35339,495,3001212,13324,37.7,2.8,-0.2
13-08-2018,79.1,83.2,75.95,82.85,80.17,24511,402,1965101,7622,31.1,7.25,3.75
10-08-2018,83.1,84.6,81.1,81.45,83.26,13004,225,1082711,6184,47.55,3.5,-1.65
09-08-2018,86.75,86.75,82.8,83.45,84.61,8440,123,714105,4530,53.67,3.95,-3.3
08-08-2018,82.95,85.5,81,84.5,83.15,6981,174,580486,3623,51.9,4.5,1.55
07-08-2018,85.1,85.1,82.7,82.95,83.44,13255,152,1106032,8060,60.81,2.4,-2.15
06-08-2018,85.25,86.85,84,85.2,85.05,16211,223,1378722,8369,51.63,2.85,-0.05
03-08-2018,87.9,87.9,84.95,85.25,85.82,52668,630,4520122,19532,37.09,2.95,-2.65
02-08-2018,81.75,86.4,81.3,85.85,84.45,22949,318,1938053,11210,48.85,5.1,4.1
01-08-2018,79.7,82.7,79.7,82.4,81.67,13196,205,1077723,7149,54.18,3,2.7
31-07-2018,83.25,84.65,80.9,81.25,82.84,28005,413,2319940,8184,29.22,3.75,-2
30-07-2018,83.4,83.4,78.75,82.35,80.72,57830,2354,4667952,21802,37.7,4.65,-1.05
27-07-2018,82.55,83.5,80.5,80.95,82.4,2600022,677,214243726,2525605,97.14,3,-1.6
26-07-2018,82.95,83.55,81.2,81.55,82.31,5953,97,490013,4070,68.37,2.35,-1.4
25-07-2018,84.7,85,81.55,82.2,83.39,2964,72,247163,1466,49.46,3.45,-2.5
24-07-2018,84.3,87.8,83.55,85,85.52,24315,327,2079475,10187,41.9,4.25,0.7
23-07-2018,84.6,86.95,84,85.4,85.1,14994,177,1275976,7767,51.8,2.95,0.8
20-07-2018,82.5,84.95,82.4,84.1,83.64,3964,66,331562,2261,57.04,2.55,1.6
19-07-2018,81.75,83.9,80.6,83.5,82.81,5266,90,436087,2332,44.28,3.3,1.75
18-07-2018,82.7,83.5,79.3,82.6,81.55,10142,193,827125,5086,50.15,4.2,-0.1
17-07-2018,80.4,84.25,80,83.35,81.74,10161,291,830579,5548,54.6,4.25,2.95
16-07-2018,79.2,82.15,77.65,81.1,80.71,10360,150,836155,6096,58.84,4.5,1.9
13-07-2018,82.8,83.1,80,81.45,81.11,4874,100,395347,1677,34.41,3.1,-1.35
12-07-2018,84.4,84.7,83,83.55,84.08,35307,248,2968437,23142,65.55,1.7,-0.85
11-07-2018,82.2,84.45,80.65,83.15,82.35,25866,473,2130022,11920,46.08,3.8,0.95
10-07-2018,75,82.2,74.25,80.85,79.12,30421,557,2406943,14178,46.61,7.95,5.85
09-07-2018,74.4,75.8,74.1,75.35,75.34,8585,121,646784,7861,91.57,1.7,0.95
06-07-2018,75.2,76,72.1,73.25,73.98,17730,164,1311612,13638,76.92,3.9,-1.95
05-07-2018,75.6,77,73.8,74.9,74.93,21650,295,1622312,12759,58.93,3.2,-0.7
04-07-2018,76.95,77.15,74.8,75.55,75.59,7979,100,603109,1885,23.62,2.35,-1.4
03-07-2018,75.95,76.9,75.15,76.3,76.07,2243,42,170630,1440,64.2,1.75,0.35
02-07-2018,73.7,76.7,72.5,75.95,74.99,18699,243,1402274,7012,37.5,4.2,2.25
29-06-2018,71.7,74.3,71.1,73,72.05,1398088,211,100737434,1332830,95.33,3.2,1.3
28-06-2018,70.9,72.25,70,71.6,71.11,7117,112,506120,3361,47.22,2.25,0.7
27-06-2018,75,75,70,71.4,71.52,57010,507,4077118,46616,81.77,5,-3.6
26-06-2018,78,78,73.3,73.85,74.44,13529,254,1007112,8665,64.05,4.7,-4.15
25-06-2018,79.95,79.95,76.25,76.8,78.06,66818,111,5216079,63206,94.59,3.7,-3.15
22-06-2018,79.15,79.25,77.3,78.55,78.02,4396,80,342971,1246,28.34,1.95,-0.6
21-06-2018,78.15,79.35,77.35,77.7,78.46,2821,53,221326,1550,54.95,2,-0.45
20-06-2018,77.1,79,76.8,78.1,78.2,13095,168,1024093,6602,50.42,2.2,1
19-06-2018,75.4,78.05,74.45,77.6,75.67,24871,310,1882084,9640,38.76,3.6,2.2
18-06-2018,78.55,78.55,76.5,77,77.17,11767,136,908111,10033,85.26,2.05,-1.55
15-06-2018,79.9,80.25,77.8,78.15,79.02,16590,155,1310947,8683,52.34,2.45,-1.75
14-06-2018,81.3,81.35,79.6,79.7,79.99,20616,102,1649154,16688,80.95,1.75,-1.6
13-06-2018,83,84.1,80.7,81.05,82.32,6469,127,532510,3062,47.33,3.4,-1.95
12-06-2018,82.05,83.5,82.05,82.95,82.78,19950,153,1651440,16505,82.73,1.45,0.9
11-06-2018,83.4,84.6,82.5,82.6,83.1,15603,102,1296623,12963,83.08,2.1,-0.8
08-06-2018,82.15,84.25,82,83.85,83.57,7769,76,649239,5580,71.82,2.25,1.7
07-06-2018,79.5,84.2,79.5,82.05,82.5,16474,220,1359046,7949,48.25,4.7,2.55
06-06-2018,78.25,81.7,78.25,79.75,80.12,5204,135,416965,3541,68.04,3.45,1.5
05-06-2018,80.35,80.4,77.75,77.95,78.98,31603,321,2496046,15897,50.3,2.65,-2.4
04-06-2018,82,82.95,78.2,80.75,80.78,4407,84,355994,2387,54.16,4.75,-1.25
01-06-2018,84.1,84.35,80.8,82.2,83,14218,206,1180088,6936,48.78,3.55,-1.9
31-05-2018,84.15,84.75,83.15,84.45,84.14,25334,240,2131610,20248,79.92,1.6,0.3
30-05-2018,85,85.9,82.9,84.45,84.57,30395,589,2570382,10435,34.33,3,-0.55
29-05-2018,82.5,85.5,82.5,84.05,83.78,54075,283,4530519,44073,81.5,3,1.55
28-05-2018,78.1,83,78.1,82.05,80.87,31785,286,2570487,18493,58.18,4.9,3.95
25-05-2018,78.75,79.05,76.6,77.6,77.76,89039,814,6923780,49323,55.39,2.45,-1.15
24-05-2018,79,79.5,75.7,78.7,77.71,61427,406,4773315,48852,79.53,3.8,-0.3
23-05-2018,79.95,80,78.5,78.9,79.02,27961,225,2209496,12126,43.37,1.5,-1.05
22-05-2018,80.5,81,79.35,79.85,80,25510,228,2040683,13403,52.54,1.65,-0.65
21-05-2018,81.5,81.6,79.65,80.8,80.53,18358,198,1478454,12636,68.83,1.95,-0.7
18-05-2018,84.65,85.45,81.45,81.8,83.06,24027,447,1995756,11626,48.39,4,-2.85
17-05-2018,81.1,84.85,80.75,84,83.19,27905,453,2321348,11847,42.45,4.1,2.9
16-05-2018,80.5,81.55,79,81.15,80.8,31915,454,2578711,22497,70.49,2.55,0.65
15-05-2018,82.2,84.6,80.3,80.55,82.33,47349,789,3898370,25799,54.49,4.3,-1.65
14-05-2018,81.25,82,79.95,81.5,80.1,1324399,1111,106090258,1259611,95.11,2.05,0.25
11-05-2018,81.9,82.05,80.25,81.1,81.12,42646,752,3459456,27914,65.46,1.8,-0.8
10-05-2018,84.05,85,80.5,80.9,82.92,41029,813,3402221,24519,59.76,4.5,-3.15
09-05-2018,84.45,85,83.6,84.5,84.52,41916,523,3542745,30051,71.69,1.4,0.05
08-05-2018,86,86.35,83.95,84.6,84.98,53285,887,4527966,18023,33.82,2.4,-1.4
07-05-2018,84,86.6,83.75,85.55,85.51,296136,2322,25323318,167601,56.6,2.85,1.55
04-05-2018,80.55,87.3,80,82.5,81.87,4687268,9386,383763399,3533544,75.39,7.3,1.95
03-05-2018,80,81.7,80,81.35,81.05,9376,290,759918,5911,63.04,1.7,1.35
02-05-2018,80.35,82.2,79.6,80.65,81.16,27210,641,2208488,19346,71.1,2.6,0.3
30-04-2018,79.7,81.5,79.55,79.6,80.43,24039,372,1933554,18151,75.51,1.95,-0.1
27-04-2018,82,82,79.25,79.75,79.91,97369,1255,7780405,58404,59.98,2.75,-2.25
26-04-2018,81.25,81.4,79.6,80,80.36,28785,465,2313121,20364,70.75,1.8,-1.25
25-04-2018,83,83,81,81.05,82.31,40851,860,3362642,22778,55.76,2,-1.95
24-04-2018,82.05,84,82.05,82.9,83.45,47565,213,3969432,40759,85.69,1.95,0.85
23-04-2018,82.7,84.75,82.55,82.85,83.35,9605,212,800609,4964,51.68,2.2,0.15
20-04-2018,87.9,87.9,83.25,83.7,85.01,55729,400,4737691,45282,81.25,4.65,-4.2
19-04-2018,84.5,85.1,84.15,84.85,84.89,11398,125,967538,10738,94.21,0.95,0.35
18-04-2018,83.85,84.9,83.65,83.95,84.05,5047,116,424219,3039,60.21,1.25,0.1
17-04-2018,84,86,83.7,84.25,84.18,11696,191,984577,7357,62.9,2.3,0.25
16-04-2018,83.7,84.9,83,84.25,83.87,7054,138,591596,2830,40.12,1.9,0.55
13-04-2018,84.5,85.1,83.75,84.15,84.29,6974,403,587839,4911,70.42,1.35,-0.35
12-04-2018,84.4,85,84.2,84.95,84.76,5479,651,464402,3942,71.95,0.8,0.55
11-04-2018,86.7,86.7,83.7,83.95,84.94,11421,285,970116,5292,46.34,3,-2.75
10-04-2018,85.5,86,84.5,84.95,85.28,20061,303,1710877,7879,39.28,1.5,-0.55
09-04-2018,89.3,89.3,83.55,84.8,85.27,48549,2817,4139669,18352,37.8,5.75,-4.5
06-04-2018,82.85,84.25,82,83.6,83.34,22806,1251,1900707,15672,68.72,2.25,0.75
05-04-2018,85.4,86.05,83.35,83.75,84.61,16789,253,1420537,11385,67.81,2.7,-1.65
04-04-2018,85.65,85.65,78,85.05,84.51,7358,163,621826,5354,72.76,7.65,-0.6
03-04-2018,83.85,85.35,83.85,84.95,84.91,9957,537,845404,7562,75.95,1.5,1.1
02-04-2018,85.3,85.65,84.55,84.65,85.04,3052,60,259544,1876,61.47,1.1,-0.65
28-03-2018,84.55,85.65,82.4,83.35,83.97,8383,127,703905,4617,55.08,3.25,-1.2
27-03-2018,85.1,87,83.85,85.05,85.54,13544,155,1158590,8581,63.36,3.15,-0.05
26-03-2018,85.8,85.8,84,84.55,84.61,29696,169,2512515,24521,82.57,1.8,-1.25
23-03-2018,88,88,85.9,86.45,86.41,20022,169,1730189,14045,70.15,2.1,-1.55
22-03-2018,89.6,89.6,88,88.2,88.52,13874,71,1228163,12447,89.71,1.6,-1.4
21-03-2018,89.2,90.35,88.1,88.2,89.37,9545,191,852999,7164,75.06,2.25,-1
20-03-2018,89.85,90.2,89,89.5,89.72,4287,94,384627,2578,60.14,1.2,-0.35
19-03-2018,90.7,90.8,87.6,90.65,89.59,4740,105,424654,2073,43.73,3.2,-0.05
16-03-2018,94.5,95.25,89.9,90.65,91.92,27955,201,2569705,24206,86.59,5.35,-3.85
15-03-2018,91.45,95.95,91.45,93.95,93.26,40342,121,3762345,36353,90.11,4.5,2.5
14-03-2018,90.75,91.95,90.7,91.25,91.25,5296,79,483238,2328,43.96,1.25,0.5
13-03-2018,91.05,92.75,90.6,92.05,91.29,14388,118,1313430,11848,82.35,2.15,1
12-03-2018,93,93.25,89,91.8,90.92,21223,271,1929496,13874,65.37,4.25,-1.2
09-03-2018,94.35,94.9,93.35,93.4,94.31,4004,68,377604,2659,66.41,1.55,-0.95
08-03-2018,95.65,95.65,93.25,93.95,94.02,42789,498,4022929,38855,90.81,2.4,-1.7
07-03-2018,95.6,96.2,94.15,94.65,95.28,15743,128,1500031,8439,53.6,2.05,-0.95
06-03-2018,96.1,97,95,95.35,95.59,17971,762,1717764,13953,77.64,2,-0.75
05-03-2018,97.25,97.25,95.45,95.6,95.73,4638,89,443997,2781,59.96,1.8,-1.65
01-03-2018,96,96.75,95.35,95.55,95.85,23560,270,2258184,18019,76.48,1.4,-0.45
28-02-2018,96,96.45,95.55,96,96,198612,1494,19066671,197178,99.28,0.9,0
27-02-2018,97.4,97.4,95.9,96,96.51,16858,174,1626958,11063,65.62,1.5,-1.4
26-02-2018,96.3,98,95.9,97.25,96.94,26881,410,2605964,15488,57.62,2.1,0.95
23-02-2018,96.5,96.5,95.25,95.6,95.92,25409,573,2437199,20557,80.9,1.25,-0.9
22-02-2018,98,98,95.4,96.15,96.14,29319,301,2818818,23896,81.5,2.6,-1.85
21-02-2018,98.5,101,97,98.5,98.87,862706,704,85296723,840810,97.46,4,0
20-02-2018,95.6,97.85,95.6,96.65,96.4,16968,369,1635646,11433,67.38,2.25,1.05
19-02-2018,97.2,99.45,97,97.85,97.82,8046,256,787049,3627,45.08,2.45,0.65
16-02-2018,104.4,109.8,98.1,99.35,101.55,78665,1192,7988336,37665,47.88,11.7,-5.05
15-02-2018,112.1,112.1,102.1,104.65,106.5,32064,401,3414892,22370,69.77,10,-7.45
14-02-2018,110,113.35,110,112.05,112.47,11243,212,1264542,2648,23.55,3.35,2.05
12-02-2018,108.9,111.85,108.45,110.4,109.94,11635,174,1279179,3605,30.98,3.4,1.5
09-02-2018,109.4,113.25,108.75,109.6,110.19,21006,207,2314679,16520,78.64,4.5,0.2
08-02-2018,113.15,114.05,110.3,111.4,112.39,11212,132,1260117,6725,59.98,3.75,-1.75
07-02-2018,110.05,114.5,110.05,113.2,113.5,7756,146,880292,2860,36.87,4.45,3.15
06-02-2018,110,111.45,106,108.6,108.93,13273,218,1445793,7841,59.07,5.45,-1.4
05-02-2018,112.1,114,111.15,113.85,113.21,7724,122,874440,3744,48.47,2.85,1.75
02-02-2018,115.05,116.95,113.5,114.4,114.92,11351,214,1304453,7291,64.23,3.45,-0.65
01-02-2018,118.3,118.3,113,116.6,114.8,28889,573,3316552,23511,81.38,5.3,-1.7
31-01-2018,114.5,114.8,113.6,114.05,114.16,43694,1014,4988021,41399,94.75,1.2,-0.45
30-01-2018,113.5,117.1,113,115.1,115.36,4333,126,499873,2945,67.97,4.1,1.6
29-01-2018,117.25,117.25,114.25,114.95,115.05,5201,254,598373,4248,81.68,3,-2.3
25-01-2018,113.5,120,111.65,116.85,114.12,166124,314,18958859,151469,91.18,8.35,3.35
24-01-2018,120,120,116.55,117.05,117.8,7589,116,893970,5828,76.8,3.45,-2.95
23-01-2018,120,121,118.5,119.75,119.63,18439,282,2205948,14784,80.18,2.5,-0.25
22-01-2018,115,118.8,114.1,117.9,117.85,7390,102,870900,4944,66.9,4.7,2.9
19-01-2018,116.4,120.15,115.6,117.45,118.75,49932,312,5929336,38120,76.34,4.55,1.05
18-01-2018,120.05,122.95,118.45,119.2,120.54,12275,171,1479626,7463,60.8,4.5,-0.85
17-01-2018,124.9,124.9,119.2,121.25,121.35,14397,203,1747095,7204,50.04,5.7,-3.65
16-01-2018,122.6,123.15,119.35,121.45,120.36,34819,259,4190792,26745,76.81,3.8,-1.15
15-01-2018,121.85,122.75,121.5,121.6,122.02,4787,98,584121,2912,60.83,1.25,-0.25
12-01-2018,122.45,122.6,121.4,122.1,122.02,19389,161,2365928,15247,78.64,1.2,-0.35
11-01-2018,122,124.15,121,121.7,122.15,43217,400,5278931,27101,62.71,3.15,-0.3
10-01-2018,126,126.9,122.1,122.8,123.62,64442,620,7966340,35939,55.77,4.8,-3.2
09-01-2018,123.9,128.95,123.6,124.65,126.49,119561,1265,15123005,42132,35.24,5.35,0.75
08-01-2018,123.6,125,120.65,121.45,122.04,31612,260,3857960,24198,76.55,4.35,-2.15
05-01-2018,123.9,127,122.1,123.55,124.69,43538,680,5428742,20712,47.57,4.9,-0.35
04-01-2018,121.05,124,121.05,123.45,123.49,15044,130,1857791,8474,56.33,2.95,2.4
03-01-2018,122,124,122,123.4,123.33,9785,247,1206786,5791,59.18,2,1.4
02-01-2018,122.05,123.25,122.05,122.25,122.59,4869,124,596898,2869,58.92,1.2,0.2
01-01-2018,124,125.4,122.7,123,124.77,16891,87,2107480,14199,84.06,2.7,-1
29-12-2017,123.9,126.6,122.7,124.1,124.32,21685,311,2695830,9533,43.96,3.9,0.2
28-12-2017,123.95,127.95,122.5,124.2,123.99,19273,344,2389752,9366,48.6,5.45,0.25
27-12-2017,127.15,128,124,124.95,125.63,18655,474,2343628,11482,61.55,4,-2.2
26-12-2017,124.05,127.6,124.05,126.3,125.65,3311,81,416034,2168,65.48,3.55,2.25
22-12-2017,132.95,132.95,124.7,125.8,125.82,18928,279,2381569,14851,78.46,8.25,-7.15
21-12-2017,129.8,131,126,127.7,127.91,21687,378,2773984,12400,57.18,5,-2.1
20-12-2017,128,131.4,124.5,130.05,129.28,524808,1417,67849774,474919,90.49,6.9,2.05
19-12-2017,120.2,125.25,120.2,123.1,123.62,3151,92,389520,2132,67.66,5.05,2.9
18-12-2017,126,126.45,123,123.2,124.41,26611,245,3310771,18982,71.33,3.45,-2.8
15-12-2017,127,127.2,122.5,124.7,123.89,13407,385,1660930,7317,54.58,4.7,-2.3
14-12-2017,124.6,127.35,123.05,124.2,124.83,46673,354,5826127,36194,77.55,4.3,-0.4
13-12-2017,123.45,125,122,124.4,123.07,9287,209,1142949,4632,49.88,3,0.95
12-12-2017,131.7,131.7,122.5,123.95,124.14,52691,279,6541247,30198,57.31,9.2,-7.75
11-12-2017,132,132,127.3,128.05,128.46,49107,400,6308453,27878,56.77,4.7,-3.95
08-12-2017,134.75,137.1,134.1,134.3,134.69,536,29,72196,279,52.05,3,-0.45
07-12-2017,135,136,132.75,135.15,134,4346,76,582354,2270,52.23,3.25,0.15
06-12-2017,134.65,136.2,134.15,134.85,134.71,2640,46,355628,1663,62.99,2.05,0.2
05-12-2017,134.05,135.9,134,135,134.93,2804,48,378343,2287,81.56,1.9,0.95
04-12-2017,136.7,137,135,135.7,135.27,8764,54,1185484,5241,59.8,2,-1
01-12-2017,138.5,138.5,136,136.8,136.69,4255,44,581605,2285,53.7,2.5,-1.7
30-11-2017,135.25,139.95,134.1,138.2,136.02,7118,91,968199,3768,52.94,5.85,2.95
29-11-2017,136.1,136.1,135.1,135.4,135.47,4354,67,589855,2973,68.28,1,-0.7
28-11-2017,135.55,136.65,134.35,136.1,135.99,2704,70,367715,1753,64.83,2.3,0.55
27-11-2017,135.75,136.4,135,135.3,135.59,1463,38,198369,842,57.55,1.4,-0.45
24-11-2017,132.85,136.65,132.85,135.45,135.02,3854,94,520383,3123,81.03,3.8,2.6
23-11-2017,136.4,136.45,132.2,132.65,134.67,4255,125,573030,2576,60.54,4.25,-3.75
22-11-2017,137.25,137.7,136.25,136.5,136.87,5953,100,814773,1948,32.72,1.45,-0.75
21-11-2017,138.05,140,136.05,137.9,138.48,30373,4106,4206135,21034,69.25,3.95,-0.15
20-11-2017,140.75,140.75,137.5,139.05,138.82,19634,270,2725578,12397,63.14,3.25,-1.7
17-11-2017,139.6,142.2,136.2,141.75,140.28,27240,261,3821363,22582,82.9,6,2.15
16-11-2017,135.05,140.15,135.05,139.8,139.6,30961,177,4322251,26137,84.42,5.1,4.75
15-11-2017,137,137.85,135.1,136.05,136.51,2198,47,300041,1325,60.28,2.75,-0.95
14-11-2017,137.95,138,135.5,135.8,136.35,5627,78,767239,2611,46.4,2.5,-2.15
13-11-2017,137.5,139.35,135.85,136.3,137.39,2618,51,359682,1605,61.31,3.5,-1.2
10-11-2017,136.4,139.55,136.4,138.1,138.36,4062,32,562011,407,10.02,3.15,1.7
09-11-2017,140.35,140.35,136.8,137.9,138.17,6840,125,945056,2851,41.68,3.55,-2.45
08-11-2017,139.9,142.75,138,138.95,140.16,18289,241,2563461,4803,26.26,4.75,-0.95
07-11-2017,135.45,142,134.9,139.05,140.17,42925,573,6016923,27973,65.17,7.1,3.6
06-11-2017,136.15,137.05,135.1,135.75,135.94,16207,182,2203155,11333,69.93,1.95,-0.4
03-11-2017,133,135.8,132.95,135.35,134.83,5621,69,757877,4065,72.32,2.85,2.35
02-11-2017,135.65,135.95,132.2,134.4,134.25,8743,128,1173754,5573,63.74,3.75,-1.25
01-11-2017,136.05,136.8,134,134.7,134.94,8689,102,1172499,5385,61.97,2.8,-1.35
31-10-2017,136.9,136.9,134.55,135.2,135.99,3980,75,541249,1976,49.65,2.35,-1.7
30-10-2017,135,137.25,135,136.55,136.37,7488,138,1021167,4208,56.2,2.25,1.55
27-10-2017,137,137,132.8,133.8,134.08,4857,102,651250,2457,50.59,4.2,-3.2
26-10-2017,136.35,139,135.1,137.9,136.89,4187,97,573158,2388,57.03,3.9,1.55
25-10-2017,136.55,137.8,135.75,136.35,136.46,6384,94,871143,3645,57.1,2.05,-0.2
24-10-2017,136.15,138,134.8,137.45,136.72,4728,73,646415,2135,45.16,3.2,1.3
23-10-2017,138.4,138.4,135.4,135.8,136.23,8300,61,1130704,6501,78.33,3,-2.6
19-10-2017,139.95,141.2,136.8,137.95,138.47,6733,73,932325,3755,55.77,4.4,-2
18-10-2017,138.75,139.5,138.1,138.2,138.72,10119,97,1403755,5603,55.37,1.4,-0.55
17-10-2017,138.55,138.6,137.1,138.2,138.13,3216,67,444223,1830,56.9,1.5,-0.35
16-10-2017,136,138.75,136,137.05,137.11,12121,66,1661934,10800,89.1,2.75,1.05
13-10-2017,138.85,138.95,137.5,137.85,138.34,3986,57,551412,2599,65.2,1.45,-1
12-10-2017,136.95,139,135,138.6,137.44,16297,190,2239842,10923,67.02,4,1.65
11-10-2017,138,138,133.4,135.85,134.99,16205,182,2187484,8559,52.82,4.6,-2.15
10-10-2017,136.15,136.15,134,135,135.07,22069,134,2980786,17550,79.52,2.15,-1.15
09-10-2017,137.05,137.5,135.5,136.45,136.54,3761,61,513512,1754,46.64,2,-0.6
06-10-2017,138.9,138.9,136.55,137.05,137.33,2710,40,372156,1780,65.68,2.35,-1.85
05-10-2017,136.9,138.5,136.9,137.3,137.84,5515,54,760204,1754,31.8,1.6,0.4
04-10-2017,138.1,139.95,135.5,136.1,137.47,11129,125,1529916,8478,76.18,4.45,-2
03-10-2017,138.25,139.4,137.25,137.95,137.99,13618,37,1879124,12952,95.11,2.15,-0.3
29-09-2017,138,140.4,119,139.55,137.93,1071316,473,147765629,1007771,94.07,21.4,1.55
28-09-2017,136.45,140,136,137.9,137.96,10987,103,1515809,8880,80.82,4,1.45
27-09-2017,138.5,138.5,135.5,136.3,136.73,10575,146,1445941,6113,57.81,3,-2.2
26-09-2017,137.4,139.6,136,137.5,137.35,7365,114,1011585,4744,64.41,3.6,0.1
25-09-2017,136.95,137.55,134,136.4,135.76,8008,150,1087206,3963,49.49,3.55,-0.55
22-09-2017,138.25,138.5,136.4,137.95,137.32,3094,40,424864,1950,63.03,2.1,-0.3
21-09-2017,138.95,139.5,137.1,137.15,137.62,7968,123,1096575,4044,50.75,2.4,-1.8
20-09-2017,139.5,139.75,126,138.7,138.65,19463,260,2698456,9449,48.55,13.75,-0.8
19-09-2017,138.8,144.95,135.2,141.45,140.54,23199,228,3260436,9606,41.41,9.75,2.65
18-09-2017,139.1,139.6,136,136.95,138.75,4984,78,691544,2720,54.57,3.6,-2.15
15-09-2017,138,139.4,137.5,138,138.02,3916,75,540488,2220,56.69,1.9,0
14-09-2017,139.85,140,136,139.25,137.98,11824,166,1631418,6740,57,4,-0.6
13-09-2017,138,139.95,138,139.35,139.29,7800,99,1086464,3499,44.86,1.95,1.35
12-09-2017,139.85,140,137.3,138.7,138.29,4591,96,634904,2196,47.83,2.7,-1.15
11-09-2017,138.7,140.1,135.55,138.95,138.84,9179,154,1274408,2530,27.56,4.55,0.25
08-09-2017,139.15,141.7,137.1,138,139.8,13082,225,1828870,4381,33.49,4.6,-1.15
07-09-2017,140.2,140.2,137.5,138.3,138.71,2805,53,389077,1716,61.18,2.7,-1.9
06-09-2017,139.95,140.15,138.65,139.95,139.81,4519,68,631823,2422,53.6,1.5,0
05-09-2017,137.4,141,135.7,139.15,137.86,6263,105,863435,2663,42.52,5.3,1.75
04-09-2017,140.6,140.6,137.15,137.7,139.28,1371,29,190952,791,57.7,3.45,-2.9
01-09-2017,141.5,142.95,139.3,139.7,140.67,4110,81,578139,1773,43.14,3.65,-1.8
31-08-2017,137.35,141.4,136.6,138.7,138.11,13109,140,1810432,7277,55.51,4.8,1.35
30-08-2017,139.95,141,135.55,136.6,138.41,4415,92,611083,2802,63.47,5.45,-3.35
29-08-2017,140.5,140.5,137.2,139.2,137.89,7857,31,1083385,7150,91,3.3,-1.3
28-08-2017,141,141.7,139.35,139.75,139.81,1645,30,229992,1069,64.98,2.35,-1.25
24-08-2017,138.2,142.45,138.1,141,141.27,14172,239,2002061,6314,44.55,4.35,2.8
23-08-2017,140.8,141,138,138.6,138.79,7899,103,1096321,4657,58.96,3,-2.2
22-08-2017,140.95,142.2,137,140.45,138.07,1028699,741,142037004,1009353,98.12,5.2,-0.5
21-08-2017,136.85,139.7,133.35,137.6,136.34,12732,383,1735936,7366,57.85,6.35,0.75
18-08-2017,141.1,141.1,135.95,136.55,136.87,10754,111,1471941,7866,73.14,5.15,-4.55
17-08-2017,142.6,143.4,136.1,137.2,138.77,13251,157,1838893,8393,63.34,7.3,-5.4
16-08-2017,144,144.25,141,141.95,142.59,59631,283,8502934,50816,85.22,3.25,-2.05
14-08-2017,142.1,145.9,142.1,144.35,144.57,7201,166,1041028,4738,65.8,3.8,2.25
11-08-2017,136.35,142.9,136.35,139.35,139.06,5559,91,773033,3552,63.9,6.55,3
10-08-2017,146.95,146.95,140,140.15,142.28,5098,65,725349,3076,60.34,6.95,-6.8
09-08-2017,145.4,147.95,144,144.8,145.03,9042,362,1311401,6274,69.39,3.95,-0.6
08-08-2017,147.15,148.6,145.05,147.25,146.19,9109,160,1331659,6908,75.84,3.55,0.1
07-08-2017,147,149.85,145.4,147.05,146.27,49362,72,7220133,45915,93.02,4.45,0.05
04-08-2017,147.75,148.75,145.1,146.95,147.03,15377,140,2260887,10663,69.34,3.65,-0.8
03-08-2017,149.4,150.2,147.3,148.7,148.8,7155,103,1064639,3930,54.93,2.9,-0.7
02-08-2017,150,152.2,149.65,151.85,150.72,15342,157,2312356,9600,62.57,2.55,1.85
01-08-2017,149.25,152.6,145.5,151.3,149.97,21504,278,3225042,9721,45.21,7.1,2.05
31-07-2017,147.85,149.3,146.1,147.8,148,545427,315,80721728,533632,97.84,3.2,-0.05
28-07-2017,146.35,146.55,145.1,146.35,146.05,4649,54,678970,4007,86.19,1.45,0
27-07-2017,148.3,148.3,144.25,145,145.17,21153,129,3070861,19161,90.58,4.05,-3.3
26-07-2017,147.55,147.55,144.1,144.45,145,8122,85,1177710,7500,92.34,3.45,-3.1
25-07-2017,146,147.8,145.25,146.4,146.46,6896,153,1009987,4890,70.91,2.55,0.4
24-07-2017,150.3,150.3,146,146.75,147.4,4553,53,671109,2349,51.59,4.3,-3.55
21-07-2017,149.3,149.3,146.5,147.55,147.4,11659,146,1718498,7555,64.8,2.8,-1.75
20-07-2017,150,150.75,149,150.5,150.37,10120,117,1521752,7852,77.59,1.75,0.5
19-07-2017,147.9,148.9,146.4,147.15,147.09,10086,145,1483552,5250,52.05,2.5,-0.75
18-07-2017,151,151,146.5,147.8,147.95,9230,115,1365581,3728,40.39,4.5,-3.2
17-07-2017,147.7,149,146,147.45,147.63,11765,194,1736832,5826,49.52,3,-0.25
14-07-2017,148.1,148.45,145.9,147.5,147.5,6220,111,917426,3783,60.82,2.55,-0.6
13-07-2017,150.3,152,148.05,149.6,150.06,11141,260,1671839,6098,54.73,3.95,-0.7
12-07-2017,151.45,151.8,150,151,150.93,3379,69,509985,1545,45.72,1.8,-0.45
11-07-2017,153.4,153.5,149,150.1,151.04,18451,188,2786852,12435,67.39,4.5,-3.3
10-07-2017,153,155,152,152.3,153,19640,73,3004928,12706,64.69,3,-0.7
07-07-2017,153.15,153.15,151,152.15,151.97,6868,73,1043736,4681,68.16,2.15,-1
06-07-2017,155.95,156.65,153.05,153.35,154.92,16625,353,2575580,12068,72.59,3.6,-2.6
05-07-2017,154.25,154.5,152.3,153.8,153.56,7348,144,1128361,3454,47.01,2.2,-0.45
04-07-2017,152.8,153.75,152.2,152.5,152.97,4654,67,711904,3337,71.7,1.55,-0.3
03-07-2017,154,155.5,153,154.3,154.39,11684,270,1803898,9634,82.45,2.5,0.3
30-06-2017,153,154.4,152.5,154.15,153.79,12647,228,1945022,9251,73.15,1.9,1.15
29-06-2017,154.4,154.8,153.3,153.7,153.92,16379,131,2521050,12683,77.43,1.5,-0.7
28-06-2017,153.05,154.15,152.9,153.25,153.2,14545,249,2228247,7585,52.15,1.25,0.2
27-06-2017,156,157.75,152.75,153.9,155.09,63856,703,9903495,37060,58.04,5,-2.1
23-06-2017,155,157.35,150.2,150.6,154.95,14287677,4099,2213938635,13140017,91.97,7.15,-4.4
22-06-2017,154.8,159.8,154,155.75,155.81,69745,234,10867215,7301,10.47,5.8,0.95
21-06-2017,153.55,155.4,153.2,154.6,154.57,11467,136,1772398,7463,65.08,2.2,1.05
20-06-2017,154,155.45,152.75,154.5,154.21,6317,83,974139,1611,25.5,2.7,0.5
19-06-2017,158,159,152.7,154.25,154.95,9312,113,1442902,6640,71.31,6.3,-3.75
16-06-2017,156.75,157,154.85,156.3,156.18,8298,161,1295963,4271,51.47,2.15,-0.45
15-06-2017,154.8,159.6,154.6,154.9,156.81,11472,203,1798868,7845,68.38,5,0.1
14-06-2017,153.7,157.3,152.05,153.7,155.4,24983,349,3882392,12552,50.24,5.25,0
13-06-2017,155,155.5,151.05,151.8,154.41,7137,94,1102054,5059,70.88,4.45,-3.2
12-06-2017,155,155.5,151.6,153.8,153.42,13447,160,2063055,11531,85.75,3.9,-1.2
09-06-2017,150.3,155,150.3,154.4,151.72,1053433,227,159825257,1046485,99.34,4.7,4.1
08-06-2017,153,153,151.1,152,151.99,7874,70,1196783,6908,87.73,1.9,-1
07-06-2017,152.5,153,151.85,152.35,152.21,5111,68,777943,4318,84.48,1.15,-0.15
06-06-2017,149.55,151.65,149,151.05,150.59,7298,125,1099003,4547,62.3,2.65,1.5
05-06-2017,149.6,150.95,149.1,150.7,150.1,4135,64,620670,2743,66.34,1.85,1.1
02-06-2017,150,152.5,148.7,150.8,150.25,19419,194,2917779,14707,75.74,3.8,0.8
01-06-2017,147.75,150.3,147,149.2,148.91,9233,137,1374860,4278,46.33,3.3,1.45
31-05-2017,147,149.9,145.85,148.3,147.69,3635,74,536853,2766,76.09,4.05,1.3
30-05-2017,141,146.65,141,146.25,145.2,9104,112,1321925,4905,53.88,5.65,5.25
29-05-2017,150.6,150.6,141.6,143.85,145.71,13997,248,2039511,7392,52.81,9,-6.75
26-05-2017,148.7,152,143,151.15,149.73,17921,203,2683363,12577,70.18,9,2.45
25-05-2017,147.5,148.3,144.8,147,146.96,36660,556,5387430,34753,94.8,3.5,-0.5
24-05-2017,147,147.75,145,146.4,146.35,26356,673,3857193,21475,81.48,2.75,-0.6
23-05-2017,146,148.4,142.25,147.9,146.23,12497,334,1827394,7975,63.82,6.15,1.9
22-05-2017,148.7,152.35,146.05,147.4,148.93,20744,221,3089361,12937,62.37,6.3,-1.3
19-05-2017,154.45,154.8,149.1,150.05,150.85,31898,278,4811923,10807,33.88,5.7,-4.4
18-05-2017,150,154.5,150,152.25,152.72,19802,400,3024255,8811,44.5,4.5,2.25
17-05-2017,156,156.6,150.65,152.05,154.4,14896,214,2299969,8144,54.67,5.95,-3.95
16-05-2017,156.4,157.3,155.1,155.6,156,26787,258,4178793,18301,68.32,2.2,-0.8
15-05-2017,156.4,157.5,154.95,155.15,156.14,26332,247,4111548,16512,62.71,2.55,-1.25
12-05-2017,158.45,158.45,152.55,156.35,157,86971,1372,13654013,41478,47.69,5.9,-2.1
11-05-2017,160,160.5,154.7,155.3,157.01,36758,730,5771311,17196,46.78,5.8,-4.7
10-05-2017,156.7,158.65,153.25,154.95,155.53,11529,200,1793154,8070,70,5.4,-1.75
09-05-2017,158.7,159.8,155.7,156.5,156.78,18143,355,2844449,11298,62.27,4.1,-2.2
08-05-2017,154,154.7,152.5,154.2,153.42,3094,38,474677,1749,56.53,2.2,0.2
05-05-2017,154.65,155.55,153.45,154.05,154.37,7693,108,1187575,5762,74.9,2.1,-0.6
04-05-2017,157.2,157.5,154.55,155.5,155.59,27156,310,4225144,15547,57.25,2.95,-1.7
03-05-2017,156,160.1,154.95,157,157.1,29508,892,4635665,15386,52.14,5.15,1
02-05-2017,156.35,162.9,155.2,156.7,159.05,51785,913,8236495,29690,57.33,7.7,0.35
28-04-2017,150.9,159.9,150.4,158.55,156.67,71947,1168,11271710,32372,44.99,9.5,7.65
27-04-2017,147.6,152,147.6,151.7,150.65,28670,415,4319009,19370,67.56,4.4,4.1
26-04-2017,148.45,148.5,146.55,147,147.1,18947,150,2787092,17812,94.01,1.95,-1.45
25-04-2017,150,151.7,147,147.5,148,64982,480,9617539,60194,92.63,4.7,-2.5
24-04-2017,149,151.55,148.55,150.45,150.07,7919,107,1188443,7120,89.91,3,1.45
21-04-2017,150,150.75,149.25,149.5,149.91,6189,44,927815,4736,76.52,1.5,-0.5
20-04-2017,148,149.2,147.7,148.2,148.67,7496,71,1114439,6083,81.15,1.5,0.2
19-04-2017,148.4,149.15,147.25,148.5,148.1,7774,99,1151362,4741,60.99,1.9,0.1
18-04-2017,148.35,148.9,147,147.5,147.78,9349,92,1381578,6572,70.3,1.9,-0.85
17-04-2017,147.05,149.95,147.05,148,148.29,9611,146,1425180,6434,66.94,2.9,0.95
13-04-2017,149.7,150.2,148.5,148.95,149.59,13338,206,1995249,7913,59.33,1.7,-0.75
12-04-2017,149.1,149.75,146.6,148.85,147.96,12965,178,1918349,8978,69.25,3.15,-0.25
11-04-2017,148.1,150.9,148.1,148.7,149.4,18058,196,2697825,11334,62.76,2.8,0.6
10-04-2017,149.45,150.5,148.5,149.45,149.63,14111,179,2111392,9561,67.76,2,0
07-04-2017,149.1,152.75,148.1,149.4,150.14,24375,295,3659724,17166,70.42,4.65,0.3
06-04-2017,150.5,154,149.2,149.55,150.41,10882,185,1636809,6389,58.71,4.8,-0.95
05-04-2017,150.5,150.8,143,148.8,147.64,18792,448,2774402,9718,51.71,7.8,-1.7
03-04-2017,152.25,152.25,150,151.5,151.15,11242,230,1699255,9794,87.12,2.25,-0.75
31-03-2017,151.35,153,151.15,152.4,151.96,22261,137,3382758,17335,77.87,1.85,1.05
30-03-2017,152.35,152.5,151.6,152.1,152.09,3012,19,458097,2646,87.85,0.9,-0.25
29-03-2017,154,154,151.05,152.35,151.92,172077,76,26141339,6154,3.58,2.95,-1.65
28-03-2017,152,152.8,151.4,152.05,152.2,2765,62,420820,1897,68.61,1.4,0.05
27-03-2017,150.6,152.95,150.6,151.4,151.54,3237,72,490526,2437,75.29,2.35,0.8
24-03-2017,150,151,150,150.35,150.31,8137,134,1223054,5770,70.91,1,0.35
23-03-2017,151,152.6,149,151.2,150.68,11748,170,1770211,8668,73.78,3.6,0.2
22-03-2017,149,152.35,149,151.4,150.2,3304,61,496264,2427,73.46,3.35,2.4
21-03-2017,150.4,150.7,149.5,150.45,150.28,2748,70,412972,1916,69.72,1.2,0.05
20-03-2017,152.5,152.5,150.15,151.4,151.12,4312,65,651637,2690,62.38,2.35,-1.1
17-03-2017,152.05,154,150.05,151.65,151.75,6901,236,1047251,6168,89.38,3.95,-0.4
16-03-2017,155.45,155.45,150,151.9,151.99,7873,195,1196589,4826,61.3,5.45,-3.55
15-03-2017,150.75,156.1,150.3,154.45,154.65,12718,232,1966821,4561,35.86,5.8,3.7
14-03-2017,148.55,150.4,146.95,149.3,149.04,9867,187,1470613,5642,57.18,3.45,0.75
10-03-2017,150,150,146.4,147.65,148.54,11962,232,1776793,9277,77.55,3.6,-2.35
09-03-2017,148.75,150,148,149.7,148.63,2234,48,332033,1423,63.7,2,0.95
08-03-2017,151,153.75,149.1,150.1,150.3,2740,60,411828,1638,59.78,4.65,-0.9
07-03-2017,150.9,154.2,149.85,150.7,152.15,19613,297,2984173,9045,46.12,4.35,-0.2
06-03-2017,150,152,149.95,150.7,150.73,4459,333,672106,3250,72.89,2.05,0.7
03-03-2017,149,153.05,149,150.9,150.83,6635,301,1000728,4123,62.14,4.05,1.9
02-03-2017,148.75,150.75,148,150.1,149.55,6850,181,1024395,4903,71.58,2.75,1.35
01-03-2017,148.7,152.85,148.4,149.5,150.84,19180,486,2893181,12661,66.01,4.45,0.8
28-02-2017,149.8,150,146.6,147.8,148.35,7999,205,1186633,2614,32.68,3.4,-2
27-02-2017,151.8,151.8,148.1,148.9,149.73,6665,195,997958,3790,56.86,3.7,-2.9
23-02-2017,150.55,152,149,150.3,150.19,6563,108,985692,1847,28.14,3,-0.25
22-02-2017,150.45,151.95,148,150.8,149.73,18704,269,2800545,10775,57.61,3.95,0.35
21-02-2017,151.2,152.6,148.5,150.15,150.57,6522,122,981998,3999,61.32,4.1,-1.05
